{
  "gradient1":[
    [0.000, [0.000000, 0.000000, 1.000000, 1.000000]],
    [0.333, [1.000000, 1.000000, 1.000000, 1.000000]],
    [0.666, [1.000000, 0.643065, 0.000000, 1.000000]],
    [1.000, [1.000000, 0.000000, 0.000000, 1.000000]]
  ],

  "gradient2":[
    [0.000, [0.000000, 0.000000, 0.890006, 1.000000]],
    [0.333, [0.000000, 0.787412, 0.000000, 1.000000]],
    [0.666, [1.000000, 1.000000, 0.000000, 1.000000]],
    [1.000, [1.000000, 0.000000, 0.000000, 1.000000]]
  ],

  "gradient3":[
    [0.000, [0.007932, 0.007932, 0.169989, 1.000000]],
    [0.055, [0.213292, 0.009234, 0.213292, 1.000000]],
    [0.254, [0.000000, 0.182045, 1.000000, 1.000000]],
    [0.623, [0.000000, 0.692071, 0.000000, 1.000000]],
    [1.000, [1.000000, 0.000000, 0.000000, 1.000000]]
  ],

  "gradient4":[
    [0.000, [0.007932, 0.007932, 0.169989, 1.000000]],
    [0.020, [0.158359, 0.039370, 0.432185, 1.000000]],
    [0.150, [0.145225, 0.300832, 1.000000, 1.000000]],
    [0.500, [1.000000, 1.000000, 0.115179, 1.000000]],
    [1.000, [1.000000, 0.000000, 0.000000, 1.000000]]
  ],

  "ffmpeg_intensity":[
    [0.000, [0.000000, 0.000000, 0.000000, 1.000000]],
    [0.006326,  [0.000000, 0.000000, 0.087699, 1.000000]],
    [0.0617,  [0.205079, 0.000304, 0.162029, 1.000000]],
    [0.169385,  [0.651406, 0.000304, 0.012983, 1.000000]],
    [0.316365,  [0.896270, 0.600915, 0.008517, 1.000000]],
    [0.529866,  [0.991102, 0.791298, 0.201556, 1.000000]],
    [0.711764,  [0.992150, 1.000000, 0.537250, 1.000000]],
    [1.0,   [1.00000, 1.00000, 1.00000, 1.00000]]
  ]
}
